{"stats":{"minecraft:used":{"minecraft:trident":34,"minecraft:firework_rocket":36,"minecraft:elytra":1,"minecraft:acacia_planks":4},"minecraft:crafted":{"minecraft:acacia_planks":12},"minecraft:mined":{"minecraft:short_grass":12,"minecraft:acacia_log":3,"minecraft:poppy":1},"minecraft:custom":{"minecraft:time_since_rest":2858,"minecraft:crouch_one_cm":274,"minecraft:deaths":3,"minecraft:sprint_one_cm":8905,"minecraft:play_time":10626,"minecraft:damage_taken":4109,"minecraft:walk_one_cm":3548,"minecraft:sneak_time":60,"minecraft:walk_under_water_one_cm":1942,"minecraft:jump":77,"minecraft:aviate_one_cm":994286,"minecraft:leave_game":3,"minecraft:walk_on_water_one_cm":1179,"minecraft:time_since_death":2534,"minecraft:total_world_time":10626,"minecraft:fall_one_cm":42584,"minecraft:fly_one_cm":132780},"minecraft:picked_up":{"minecraft:acacia_log":3}},"DataVersion":3953}