{"stats":{"minecraft:mined":{"minecraft:acacia_log":3},"minecraft:used":{"minecraft:trident":14,"minecraft:firework_rocket":36,"minecraft:acacia_planks":4},"minecraft:custom":{"minecraft:time_since_rest":4456,"minecraft:leave_game":1,"minecraft:damage_taken":139,"minecraft:crouch_one_cm":274,"minecraft:sprint_one_cm":4838,"minecraft:play_time":4456,"minecraft:walk_on_water_one_cm":215,"minecraft:time_since_death":4456,"minecraft:walk_one_cm":2142,"minecraft:sneak_time":60,"minecraft:total_world_time":4456,"minecraft:walk_under_water_one_cm":61,"minecraft:fall_one_cm":1672,"minecraft:fly_one_cm":15357,"minecraft:aviate_one_cm":626333,"minecraft:jump":41},"minecraft:crafted":{"minecraft:acacia_planks":12},"minecraft:picked_up":{"minecraft:acacia_log":3}},"DataVersion":3953}