{"stats":{"minecraft:picked_up":{"minecraft:acacia_log":3},"minecraft:mined":{"minecraft:short_grass":12,"minecraft:acacia_log":3,"minecraft:poppy":1},"minecraft:custom":{"minecraft:time_since_rest":253,"minecraft:walk_one_cm":3071,"minecraft:crouch_one_cm":274,"minecraft:sprint_one_cm":6846,"minecraft:play_time":8021,"minecraft:damage_taken":4109,"minecraft:deaths":3,"minecraft:sneak_time":60,"minecraft:walk_under_water_one_cm":61,"minecraft:jump":65,"minecraft:aviate_one_cm":626333,"minecraft:leave_game":2,"minecraft:walk_on_water_one_cm":215,"minecraft:time_since_death":0,"minecraft:total_world_time":8021,"minecraft:fall_one_cm":42584,"minecraft:fly_one_cm":60313},"minecraft:crafted":{"minecraft:acacia_planks":12},"minecraft:used":{"minecraft:trident":14,"minecraft:firework_rocket":36,"minecraft:acacia_planks":4}},"DataVersion":3953}